input,normalized,gt_label
i want to bathe,i want to bathe,bathing
i wantto bathe,i want bathe,bathing
i wnat to bathe,i what to bathe,bathing
i want to bath,i want to bathe,bathing
i have a bed time routine,i have a bed time routine,bed time routine
i have a bed tim routine,i have a bed time routine,bed time routine
i have a bde time routine,i have a be time routine,bed time routine
i have abed time routine,i have bed time routine,bed time routine
tell me a story,tell me a story,bed time story book
tell m a story,tell m a story,bed time story book
tell me a stor,tell me a story,bed time story book
i want to go to bed,i want to go to bed,bed
i watn to go to bed,i what to go to bed,bed
i want to go t bed,i want to go t bed,bed
i want to go to bed,i want to go to bed,bed
i want to ride bicycle,i want to ride bicycle,bicycle
i want t ride bicycle,i want t ride bicycle,bicycle
i want to ridebicycle,i want to bicycle,bicycle
i want to rd bicycle,i want to red bicycle,bicycle
i want to go in bike,i want to go in bike,bike
i want to go in bike,i want to go in bike,bike
i want t go in bike,i want t go in bike,bike
cover me with blankets,cover me with blankets,blanket
cover me with blanket,cover me with blanket,blanket
cover me with blnkts,cover me with blankets,blanket
cover me withblankets,cover me blankets,blanket
shall we go in car,shall we go in car,car
shall we goin car,shall we goin car,car
shall we go i car,shall we go i car,car
crumble it,crumble it,crumble
crumbel it,crumble it,crumble
crumble t,crumble t,crumble
crumbl it,crumble it,crumble
its in my cupboard,its in my cupboard,cupboard
tis in my cupboard,this in my cupboard,cupboard
its in m cupboard,its in m cupboard,cupboard
its in my cupbaord,its in my cupboard,cupboard
i want to dance,i want to dance,dance
i want todance,i want dance,dance
i want to dnc,i want to dance,dance
 want to dance,want to dance,dance
its on the desk,its on the desk,desk
tis on the desk,this on the desk,desk
its on the edsk,its on the desk,desk
its on thedesk,its on thedesk,desk
open the door,open the door,door
open teh door,open teeth door,door
open the doo,open the door,door
open th door,open the door,door
good drama,good drama,drama
good dram,good drama,drama
gooddrama,gooddrama,drama
i am done eating,i am done eating,eating
iam done eating,am done eating,eating
i m done eating,i m done eating,eating
i am doneeating,i am eating,eating
lets go in escalator,lets go in escalator,escalator
lets go in escalato,lets go in escalator,escalator
let go in escalator,lets go in escalator,escalator
ltes go in escalator,lets go in escalator,escalator
i want to do some exercise,i want to do some exercise,exercises
i want to d some exercise,i want to d some exercise,exercises
i want to dosome exercise,i want to some exercise,exercises
i wan to do some exercise,i want to do some exercise,exercises
switch on the fan,switch on the fan,fan
switch on the fa,switch on the fan,fan
switch on the fan,switch on the fan,fan
its inside the fridge,its inside the fridge,fridge
its inside hte fridge,its inside white fridge,fridge
it inside the fridge,it inside the fridge,fridge
there are some garbage in the bin,there are some garbage in the bin,garbage in the bin
there are some garbage in teh bin,there are some garbage in teeth bin,garbage in the bin
there are some garbage in the bn,there are some garbage in the bin,garbage in the bin
there are some garbage n the bin,there are some garbage n the bin,garbage in the bin
i am getting ready,i am getting ready,getting ready
i am getting read,i am getting read,getting ready
i am getting ready,i am getting ready,getting ready
its so golden,its so golden,golden
itsso golden,its golden,golden
its so golde,its so golden,golden
its the green light,its the green light,green light- go
its the green light,its the green light,green light- go
its th green light,its the green light,green light- go
grind it,grind it,grinder
grnd it,grind it,grinder
grindit,grind,grinder
its my habit,its my habit,habits
tis my habit,this my habit,habits
its my habi,its my habit,habits
its my hbt,its my habit,habits
i am happy,i am happy,happy
i am happ,i am happy,happy
i am hppy,i am happy,happy
iam happy,am happy,happy
its very hazards,its very hazards,hazards
itsvery hazards,itsvery hazards,hazards
its ver hazards,its very hazards,hazards
switch on the heater,switch on the heater,heater
switch on teh heater,switch on teeth heater,heater
switch onthe heater,switch month heater,heater
switchon the heater,switch the heater,heater
can you take me for hiking,can you take me for hiking,hiking
can you take me for hiking,can you take me for hiking,hiking
can you take m for hiking,can you take m for hiking,hiking
its so hot,its so hot,hot
its sohot,its hot,hot
ts so hot,its so hot,hot
how long,how long,how long
how lng,how long,how long
how lon,how long,how long
how many,how many,how many
ohw many,ohw many,how many
hwo many,hwo many,how many
ho many,how many,how many
how much is it,how much is it,how much
how muchis it,how much it,how much
ho much is it,how much is it,how much
hw much is it,how much is it,how much
how,how,how
ho,how,how
hwo,hwo,how
hw,how,how
i am all done,i am all done,i am all done
i a all done,i a all done,i am all done
i amall done,i mall done,i am all done
i m all done,i m all done,i am all done
can you keep distance while talking,can you keep distance while talking,keep distance while talking
can you keep distance while tlkng,can you keep distance while talking,keep distance while talking
can you keep disatnce while talking,can you keep distance while talking,keep distance while talking
can you keep distancewhile talking,can you keep distance talking,keep distance while talking
i am doing leg exercise,i am doing leg exercise,leg exercises
i am doing leg exercise,i am doing leg exercise,leg exercises
i am doing lg exercise,i am doing leg exercise,leg exercises
come lets dance,come lets dance,lets dance
com lets dance,come lets dance,lets dance
come letsdance,come lets dance,lets dance
come lets adnce,come lets dance,lets dance
switch on the light,switch on the light,light
swtch on the light,switch on the light,light
switch on the lght,switch on the light,light
make some music,make some music,make music
makesome music,awesome music,make music
make some musi,make some music,make music
menu pls,menu pls,menu
menu lps,menu lps,menu
menupls,menupls,menu
there is some money,there is some money,money
ther is some money,there is some money,money
thr is some money,there is some money,money
there is some mone,there is some money,money
i have my mourning routine,i have my mourning routine,morning routine
i have my mourningroutine,i have my morning routine,morning routine
i have my mrnng routine,i have my morning routine,morning routine
i hv my mourning routine,i hv my mourning routine,morning routine
i want to play with friend,i want to play with friend,play with friend
i want t play with friend,i want t play with friend,play with friend
i want to lpay with friend,i want to play with friend,play with friend
i want toplay with friend,i want play with friend,play with friend
its in red light please stop,its in red light please stop,red light- wait
ist in red light please stop,it in red light please stop,red light- wait
its in red ligh please stop,its in red light please stop,red light- wait
its i red light please stop,its i red light please stop,red light- wait
run,run,run
rn,run,run
ru,run,run
go back,go back,back
go bac,go back,back
goback,back,back
g back,g back,back
add some butter,add some butter,butter
add sm butter,add sm butter,butter
dd some butter,add some butter,butter
addsome butter,addsome butter,butter
add some chilli flakes,add some chilli flakes,chilli flakes
add some chill flakes,add some chilli flakes,chilli flakes
add some chilli flake,add some chilli flakes,chilli flakes
add osme chilli flakes,add some chilli flakes,chilli flakes
add some chilli,add some chilli,chilli
add smoe chilli,add some chilli,chilli
add somechilli,add chilli,chilli
add osme chilli,add some chilli,chilli
give me some dips,give me some dips,dips
giveme some dips,give some dips,dips
give mesome dips,give some dips,dips
give me eclairs,give me eclairs,eclairs
give me eclaris,give me eclairs,eclairs
give meeclairs,give eclairs,eclairs
give me celairs,give me eclairs,eclairs
give me some jam,give me some jam,jam
igve me some jam,gve me some jam,jam
giveme some jam,give some jam,jam
giev me some jam,give me some jam,jam
give some ketchup,give some ketchup,ketchup
give osme ketchup,give some ketchup,ketchup
give soem ketchup,give some ketchup,ketchup
give some ktchp,give some ketchup,ketchup
add some maple syrup,add some maple syrup,maple syrup
add somemaple syrup,add somemaple syrup,maple syrup
add some maplesyrup,add some maple syrup,maple syrup
addsome maple syrup,addsome maple syrup,maple syrup
add some masala,add some masala,masala
add some msl,add some msl,masala
add some masala,add some masala,masala
dd some masala,add some masala,masala
add some mustard,add some mustard,mustard
addsome mustard,addsome mustard,mustard
add som mustard,add some mustard,mustard
add somemustard,add mustard,mustard
give me peanut butter,give me peanut butter,peanut butter
giv me peanut butter,give me peanut butter,peanut butter
give me peanu butter,give me peanut butter,peanut butter
add some pepper,add some pepper,pepper
dad some pepper,dad some pepper,pepper
add some peppe,add some pepper,pepper
ad some pepper,sad some pepper,pepper
give some pickle,give some pickle,pickle
gv some pickle,gve some pickle,pickle
giv some pickle,give some pickle,pickle
give some piclke,give some pickle,pickle
i want some raita,i want some raita,raita
i want osme raita,i want some raita,raita
i want some rt,i want some rt,raita
i want someraita,i want someraita,raita
sabzi is nice,sabzi is nice,sabzi
sabzi is nc,sabzi is nc,sabzi
sabz is nice,sabzi is nice,sabzi
do some salad dressing,do some salad dressing,salad dressing
dosome salad dressing,some salad dressing,salad dressing
do som salad dressing,do some salad dressing,salad dressing
do some salad dressin,do some salad dressing,salad dressing
add some salt,add some salt,salt
ad some salt,sad some salt,salt
add som salt,add some salt,salt
add more sause,add more sause,sauce
add more sause,add more sause,sauce
add mr sause,add mr sause,sauce
addmore sause,addmore sause,sauce
there is an ant,there is an ant,ant
thereis an ant,there's an ant,ant
theer is an ant,these is an ant,ant
there is an ant,there is an ant,ant
there is a bee,there is a bee,bee
there is a bee,there is a bee,bee
there is a b,there is a b,bee
thereis a bee,there's a bee,bee
there is a bison,there is a bison,bison
there is a bsn,there is a bison,bison
there is a biosn,there is a bison,bison
there is  bison,there is bison,bison
its a buffalo,its a buffalo,buffalo
its abuffalo,its buffalo,buffalo
its a buffal,its a buffalo,buffalo
its a bffl,its a bffl,buffalo
its a cat,its a cat,cat
itsa cat,its cat,cat
tƒ??s a cat,its a cat,cat
its a cta,its a cta,cat
its a cockroach,its a cockroach,cockroach
itƒ?? a cockroach,its a cockroach,cockroach
its a cockroach,its a cockroach,cockroach
tiƒ??s a cockroach,this a cockroach,cockroach
i see the cow,i see the cow,cow
i see the cow,i see the cow,cow
i see the cwo,i see the cwo,cow
i see a crocodile,i see a crocodile,crocodile
i see acrocodile,i see crocodile,crocodile
i see a crocodile,i see a crocodile,crocodile
i see a crocodil,i see a crocodile,crocodile
there is a dog,there is a dog,dog
thereis a dog,there's a dog,dog
thr is a dog,there is a dog,dog
there is a dg,there is a dog,dog
its the dolphin,its the dolphin,dolphin
its thedolphin,its dolphin,dolphin
its teh dolphin,its teeth dolphin,dolphin
its the dlophin,its the dolphin,dolphin
its the donkey,its the donkey,donkey
its the dnokey,its the donkey,donkey
itsthe donkey,itsthe donkey,donkey
its th donkey,its the donkey,donkey
its the elephant,its the elephant,elephant
itsthe elephant,itsthe elephant,elephant
its th elephant,its the elephant,elephant
its theelephant,its elephant,elephant
there is the fox,there is the fox,fox
thereis the fox,there's the fox,fox
there is th fox,there is the fox,fox
there is the fox,there is the fox,fox
there is the giraffe,there is the giraffe,giraffe
thereis the giraffe,there's the giraffe,giraffe
there s the giraffe,there s the giraffe,giraffe
there is thegiraffe,there is giraffe,giraffe
there is the goat,there is the goat,goat
there is the ogat,there is the goat,goat
there is the goa,there is the goat,goat
there is the gaot,there is the goat,goat
there is the hippopotamus,there is the hippopotamus,hippopotamus
there s the hippopotamus,there s the hippopotamus,hippopotamus
there is the hippopotamu,there is the hippopotamus,hippopotamus
thereis the hippopotamus,there's the hippopotamus,hippopotamus
there is the horse,there is the horse,horse
there isthe horse,there the horse,horse
ther is the horse,there is the horse,horse
there s the horse,there s the horse,horse
its the kangaroo,its the kangaroo,kangaroo
its the kangaro,its the kangaroo,kangaroo
there is a lion,there is a lion,lion
there is a lion,there is a lion,lion
ther is a lion,there is a lion,lion
there is a lio,there is a lion,lion
there is a monkey,there is a monkey,monkey
there is a monkey,there is a monkey,monkey
there isa monkey,there is monkey,monkey
there i a monkey,there i a monkey,monkey
mosquito bites,mosquito bites,mosquito
mosquito bite,mosquito bites,mosquito
mosquit bites,mosquito bites,mosquito
mosquitobites,mosquito,mosquito
there is a mouse,there is a mouse,mouse
thr is a mouse,there is a mouse,mouse
there isa mouse,there is mouse,mouse
there i a mouse,there i a mouse,mouse
there is panda,there is panda,panda
there is pand,there is panda,panda
there ispanda,there panda,panda
there's the penguin,there's the penguin,penguin
there's thepenguin,there's penguin,penguin
there's the pengiun,there's the penguin,penguin
thr's the penguin,there's the penguin,penguin
there is the pig,there is the pig,pig
there is hte pig,there is white pig,pig
there is the pg,there is the pig,pig
three is the pig,these is the pig,pig
its a rabbit,its a rabbit,rabbit
its a rbbt,its a rabbit,rabbit
itƒ?? a rabbit,its a rabbit,rabbit
its  rabbit,its rabbit,rabbit
there is the shark,there is the shark,shark
ther is the shark,there is the shark,shark
there is th shark,there is the shark,shark
there is theshark,there is shark,shark
there is the sheep,there is the sheep,sheep
there i the sheep,there i the sheep,sheep
thereis the sheep,there's the sheep,sheep
there is thesheep,there is these,sheep
there is the skunk,there is the skunk,skunk
there isthe skunk,there the skunk,skunk
there is the skun,there is the skunk,skunk
there is th skunk,there is the skunk,skunk
its a snake,its a snake,snake
tis a snake,this a snake,snake
itsa snake,its snake,snake
ts a snake,its a snake,snake
its bat,its bat,bat
tiƒ??s bat,this bat,bat
itƒ?? bat,its bat,bat
itsbat,itsbat,bat
i see birds,i see birds,birds
i se birds,i use birds,birds
i seebirds,i birds,birds
i see birds,i see birds,birds
its a crow,its a crow,crow
its a crow,its a crow,crow
tƒ??s a crow,its a crow,crow
its a crwo,its a crow,crow
its a cuckoo,its a cuckoo,cuckoo
its a cucko,its a cuckoo,cuckoo
tiƒ??s a cuckoo,this a cuckoo,cuckoo
its a cck,its a cck,cuckoo
there is the dove,there is the dove,dove
there s the dove,there s the dove,dove
there is th dove,there is the dove,dove
there is thedove,there is thedove,dove
there is a duck,there is a duck,duck
there is a duck,there is a duck,duck
htere is a duck,here is a duck,duck
thereis a duck,there's a duck,duck
there is the eagle,there is the eagle,eagle
there is the gl,there is the gl,eagle
there s the eagle,there s the eagle,eagle
there i the eagle,there i the eagle,eagle
there is kingfisher,there is kingfisher,kingfisher
there is knigfisher,there is kingfisher,kingfisher
there is kngfshr,there is kingfisher,kingfisher
thr is kingfisher,there is kingfisher,kingfisher
its an owl,its an owl,owl
its an wl,its an owl,owl
ts an owl,its an owl,owl
there is a parrot,there is a parrot,parrot
ther is a parrot,there is a parrot,parrot
there is a parrot,there is a parrot,parrot
there isa parrot,there is parrot,parrot
where is the pelican,where is the pelican,pelican
where is the pelican,where is the pelican,pelican
where is th pelican,where is the pelican,pelican
there is the pegion,there is the pegion,pigeon
there is the pegio,there is the pegion,pigeon
htere is the pegion,here is the pegion,pigeon
ther is the pegion,there is the pegion,pigeon
its a sparrow,its a sparrow,sparrow
itsa sparrow,its sparrow,sparrow
it a sparrow,it a sparrow,sparrow
its a sprrw,its a sparrow,sparrow
blow my nose,blow my nose,blow nose
blowmy nose,blow nose,blow nose
blow my ns,blow my ns,blow nose
blow my nose,blow my nose,blow nose
put my body vest,put my body vest,body vests
put my body evst,put my body vest,body vests
ptu my body vest,ptu my body vest,body vests
put my body vest,put my body vest,body vests
its my body,its my body,body
itsmy body,its body,body
its my body,its my body,body
tis my body,this my body,body
i want to brush my teeth,i want to brush my teeth,brush teeth
i want to brushmy teeth,i want to brush teeth,brush teeth
i want t brush my teeth,i want t brush my teeth,brush teeth
i wantto brush my teeth,i want brush my teeth,brush teeth
my ear,my ear,ears
myear,year,ears
my r,my r,ears
my elbow,my elbow,elbow
m elbow,m elbow,elbow
my elbow,my elbow,elbow
my eblow,my blow,elbow
my eyes,my eyes,eyes
my ys,my ys,eyes
my eyes,my eyes,eyes
myeyes,eyes,eyes
my fingers,my fingers,fingers
my fingers,my fingers,fingers
my finger,my fingers,fingers
myfingers,fingers,fingers
my hair,my hair,hair
my hair,my hair,hair
my hr,my hr,hair
my hands,my hands,hands
myhands,hands,hands
my hnads,my hands,hands
my ahnds,my hands,hands
my head,my head,head
my hd,my hd,head
myhead,head,head
my head,my head,head
my heart,my heart,heart
myheart,heart,heart
my heart,my heart,heart
my hrt,my hurt,heart
my hip,my hip,hip
my ihp,my ihp,hip
my hp,my hip,hip
myhip,hip,hip
my knee,my knee,knee
my kn,my kn,knee
my knee,my knee,knee
my legs,my legs,legs
my legs,my legs,legs
my lgs,my legs,legs
mylegs,legs,legs
my mouth,my mouth,mouth
mymouth,mouth,mouth
my mouth,my mouth,mouth
my neck,my neck,neck
myneck,neck,neck
my nck,my neck,neck
my nose,my nose,nose
mynose,nose,nose
my ns,my ns,nose
my nose,my nose,nose
it is black,it is black,black
it is black,it is black,black
it isblack,it black,black
i is black,i is black,black
it is blue,it is blue,blue
it is blu,it is blue,blue
it isblue,it blue,blue
it is blue,it is blue,blue
this is brown,this is brown,brown
this isbrown,this brown,brown
thi is brown,this is brown,brown
this is brow,this is brown,brown
beautiful colors,beautiful colors,colors
btfl colors,btfl colors,colors
beautiful coolrs,beautiful colors,colors
beautifu colors,beautiful colors,colors
its gray,its gray,gray
itsgray,itsgray,gray
it gray,it gray,gray
its green,its green,green
itsgreen,green,green
its gree,its green,green
its pink,its pink,pink
it pink,it pink,pink
tis pink,this pink,pink
its pnik,its pink,pink
its purple,its purple,purple
ts purple,its purple,purple
its prpl,its purple,purple
its purlpe,its purple,purple
its red,its red,red
ts red,its red,red
itsred,itsred,red
its rde,its ride,red
its silver,its silver,silver
itssilver,silver,silver
ts silver,its silver,silver
i want bournvita,i want bournvita,bournvita
i want brnvt,i want brnvt,bournvita
i want oburnvita,i want bournvita,bournvita
i want bournvita,i want bournvita,bournvita
i want coca-cola,i want coca-cola,coca-cola
i want cocac-ola,i want coca-cola,coca-cola
iwant coca-cola,want coca-cola,coca-cola
i wnat coca-cola,i what coca-cola,coca-cola
i want coffee,i want coffee,coffee
i want cfofee,i want coffee,coffee
i want cff,i want cff,coffee
 want coffee,want coffee,coffee
i want cold coffee,i want cold coffee,cold coffee
i wan cold coffee,i want cold coffee,cold coffee
i wantcold coffee,i wantcold coffee,cold coffee
iwant cold coffee,want cold coffee,cold coffee
i need cold drinks,i need cold drinks,cold drinks
ineed cold drinks,need cold drinks,cold drinks
i need cold drinks,i need cold drinks,cold drinks
 need cold drinks,need cold drinks,cold drinks
give me something to drink,give me something to drink,drinks
give me something to drink,give me something to drink,drinks
give m something to drink,give m something to drink,drinks
giv me something to drink,give me something to drink,drinks
give me energy drink,give me energy drink,energy drink
give me enregy drink,give me energy drink,energy drink
give me energy drikn,give me energy drink,energy drink
giev me energy drink,give me energy drink,energy drink
give me some fanta,give me some fanta,fanta
give me somefanta,give me somefanta,fanta
give m some fanta,give m some fanta,fanta
give me sm fanta,give me sm fanta,fanta
give me flavoured milk,give me flavoured milk,flavoured milk
give meflavoured milk,give flavoured milk,flavoured milk
gv me flavoured milk,gve me flavoured milk,flavoured milk
give me flavoured milk,give me flavoured milk,flavoured milk
i want ginger ale,i want ginger ale,ginger ale
i want ginger ale,i want ginger ale,ginger ale
i want ginger l,i want ginger l,ginger ale
i wan ginger ale,i want ginger ale,ginger ale
give me maaza,give me maaza,maaza
give me maaza,give me maaza,maaza
igve me maaza,gve me maaza,maaza
give memaaza,give maaza,maaza
give me some milk,give me some milk,milk
give m some milk,give m some milk,milk
giv me some milk,give me some milk,milk
gv me some milk,gve me some milk,milk
give e milkshake,give e milkshake,milkshake
give  milkshake,give milkshake,milkshake
givee milkshake,give milkshake,milkshake
give e milskhake,give e milkshake,milkshake
i want miranda,i want miranda,mirinda
i wantmiranda,i miranda,mirinda
i wan miranda,i want miranda,mirinda
i want miranda,i want miranda,mirinda
buy me a mountain dew,buy me a mountain dew,mountain dew
buy mea mountain dew,buy me mountain dew,mountain dew
buy me a mountai dew,buy me a mountain dew,mountain dew
buy me a mountain dw,buy me a mountain dew,mountain dew
give me pepsi,give me pepsi,pepsi
give mepepsi,give pepsi,pepsi
give m pepsi,give m pepsi,pepsi
gv me pepsi,gve me pepsi,pepsi
make me a protien shake,make me a protien shake,protien shake
mkae me a protien shake,make me a protien shake,protien shake
make me a protie shake,make me a protien shake,protien shake
mk me a protien shake,mk me a protien shake,protien shake
i want smoothie,i want smoothie,smoothie
i want smoothie,i want smoothie,smoothie
i wnt smoothie,i want smoothie,smoothie
i want smth,i want smth,smoothie
i want soda,i want soda,soda
 want soda,want soda,soda
i wnt soda,i want soda,soda
iwant soda,want soda,soda
i want some soup,i want some soup,soup
i want some soup,i want some soup,soup
i want osme soup,i want some soup,soup
iwant some soup,want some soup,soup
i want strawberry milkshake,i want strawberry milkshake,strawberry milkshake
i watn strawberry milkshake,i what strawberry milkshake,strawberry milkshake
i want strwbrry milkshake,i want strawberry milkshake,strawberry milkshake
i wantstrawberry milkshake,i strawberry milkshake,strawberry milkshake
i am afraid,i am afraid,afraid
i am frd,i am fried,afraid
i am afradi,i am afraid,afraid
i am afraid,i am afraid,afraid
i am amazed,i am amazed,amazed
iam amazed,am amazed,amazed
i am amazed,i am amazed,amazed
i am angry,i am angry,angry
 am angry,am angry,angry
i am agnry,i am angry,angry
i amangry,i angry,angry
i am feeling ashmed,i am feeling ashmed,ashamed
i am feeling ashmed,i am feeling ashmed,ashamed
its awesome,its awesome,awesome!
its wsm,its wsm,awesome!
tis awesome,this awesome,awesome!
i am bored,i am bored,bored
i am brd,i am bread,bored
i am bore,i am bored,bored
iam bored,am bored,bored
its too cold,its too cold,cold
itstoo cold,itstoo cold,cold
its toocold,its toocold,cold
its to cold,its to cold,cold
i am confused,i am confused,confused
i am confused,i am confused,confused
i amconfused,i confused,confused
i am in danger,i am in danger,danger
i amin danger,i pain danger,danger
i am in adnger,i am in danger,danger
i am in dngr,i am in danger,danger
i am disappointed,i am disappointed,disappointed
i am disappointed,i am disappointed,disappointed
iam disappointed,am disappointed,disappointed
excuse me pls,excuse me pls,excuse me
excuse me pls,excuse me pls,excuse me
excus me pls,excuse me pls,excuse me
excuse m pls,excuse m pls,excuse me
i am feeling cold,i am feeling cold,feeling cold
i am feelingcold,i am feeling cold,feeling cold
i amfeeling cold,i feeling cold,feeling cold
i am feeling warm,i am feeling warm,feeling warm
i am feeling warm,i am feeling warm,feeling warm
i am feeling wrm,i am feeling warm,feeling warm
i am feelin warm,i am feeling warm,feeling warm
i have feelings,i have feelings,feelings
i have flngs,i have feelings,feelings
ihave feelings,have feelings,feelings
i hav feelings,i have feelings,feelings
its fun,its fun,fun
ts fun,its fun,fun
itsfun,itsfun,fun
its fn,its fun,fun
this hurts,this hurts,hurt
ths hurts,this hurts,hurt
thishurts,thishurts,hurt
i am hurt,i am hurt,i am hurt
i am hur,i am hurt,i am hurt
i am hurt,i am hurt,i am hurt
i am in pain,i am in pain,i am in pain
i amin pain,i pain pain,i am in pain
i am inpain,i am pain,i am in pain
i am sorry,i am sorry,i am sorry
i am soryr,i am story,i am sorry
i amsorry,i sorry,i am sorry
 am sorry,am sorry,i am sorry
i don't understand,i don't understand,i don't understand
i don't undersatnd,i don't understand,i don't understand
idon't understand,don't understand,i don't understand
i don't understand,i don't understand,i don't understand
i feel sick,i feel sick,i feel sick
i feel sick,i feel sick,i feel sick
 feel sick,feel sick,i feel sick
i feel isck,i feel sick,i feel sick
i feel tired,i feel tired,i feel tired
i feel tired,i feel tired,i feel tired
i feel trd,i feel tired,i feel tired
i fee tired,i feel tired,i feel tired
i need a break,i need a break,i need a break
i need a break,i need a break,i need a break
i needa break,i need break,i need a break
i need more time,i need more time,i need more time
 need more time,need more time,i need more time
ineed more time,need more time,i need more time
i need mr time,i need mr time,i need more time
i want to be alone,i want to be alone,i want to be alone
i want to be aloen,i want to be alone,i want to be alone
i want to be alone,i want to be alone,i want to be alone
i was hit,i was hit,i was hit
iwas hit,was hit,i was hit
i ws hit,i was hit,i was hit
i was hi,i was hi,i was hit
i was made fun of,i was made fun of,i was made fun of
i was made fun of,i was made fun of,i was made fun of
i was made fun o,i was made fun o,i was made fun of
i ws made fun of,i was made fun of,i was made fun of
i was pinched,i was pinched,i was pinched
iwas pinched,was pinched,i was pinched
i ws pinched,i was pinched,i was pinched
i was pinche,i was pinched,i was pinched
i was pushed,i was pushed,i was pushed
i was pushe,i was pushed,i was pushed
i wa pushed,i want pushed,i was pushed
i was puhsed,i was pushed,i was pushed
i was scolded,i was scolded,i was scolded
i ws scolded,i was scolded,i was scolded
i was scolded,i was scolded,i was scolded
 was scolded,was scolded,i was scolded
i was touched inappropriately,i was touched inappropriately,i was touched inappropriately
i was touched npprprtly,i was touched inappropriately,i was touched inappropriately
i was touhced inappropriately,i was touched inappropriately,i was touched inappropriately
its my birthday,its my birthday,my birthday
its my birthday,its my birthday,my birthday
its mybirthday,its my birthday,my birthday
tis my birthday,this my birthday,my birthday
quiet please,quiet please,quiet please!
quie please,quiet please,quiet please!
quiet pls,quiet pls,quiet please!
quite please,quiet please,quiet please!
its a rainy day,its a rainy day,rainy
its a rainy dy,its a rainy day,rainy
its a rainyday,its a rainy,rainy
its a raiyn day,its a rainy day,rainy
i am sad,i am sad,sad
i am sd,i am sad,sad
i m sad,i m sad,sad
i am sa,i am sad,sad
be safety,be safety,safety
be safety,be safety,safety
be safet,be safety,safety
b safety,b safety,safety
i want to sleep,i want to sleep,sleep
 want to sleep,want to sleep,sleep
iwant to sleep,want to sleep,sleep
its a star,its a star,star
it a star,it a star,star
its a str,its a star,star
itsa star,its star,star
i am stressed out,i am stressed out,stressed
i am stressed out,i am stressed out,stressed
i am stressed t,i am stressed t,stressed
i am strssd out,i am stressed out,stressed
hello aunty,hello aunty,aunt
hello nty,hello aunty,aunt
hll aunty,hello aunty,aunt
hello aunt,hello aunt,aunt
this is my brother,this is my brother,brother
this ismy brother,this ismy brother,brother
this s my brother,this s my brother,brother
this is my caregiver,this is my caregiver,caregiver
this ismy caregiver,this ismy caregiver,caregiver
this is my caregiver,this is my caregiver,caregiver
thisis my caregiver,this my caregiver,caregiver
this is my cousin,this is my cousin,cousin
thsi is my cousin,this is my cousin,cousin
this is my cousi,this is my cousin,cousin
this is my cousin,this is my cousin,cousin
this is my father,this is my father,father
this is my father,this is my father,father
this ismy father,this ismy father,father
this is my fathe,this is my father,father
take me to friends house,take me to friends house,friend's house
take me to friendshouse,take me to friend's house,friend's house
take me tofriends house,take me friends house,friend's house
they are my friends,they are my friends,friends
they are m friends,they are m friends,friends
they are my friend,they are my friend,friends
they are myfriends,they are friends,friends
take me to relatives house,take me to relatives house,relative's house
take me torelatives house,take me relatives house,relative's house
take me to rltvs house,take me to rltvs house,relative's house
takeme to relatives house,take to relatives house,relative's house
where is the baby,where is the baby,baby
where s the baby,where s the baby,baby
where i the baby,where i the baby,baby
this is my sister,this is my sister,sister
this is my sister,this is my sister,sister
ths is my sister,this is my sister,sister
this is mysister,this is sister,sister
i want aaloo poori,i want aaloo poori,aaloo poori
i want aalo poori,i want aaloo poori,aaloo poori
 want aaloo poori,want aaloo poori,aaloo poori
i wan aaloo poori,i want aaloo poori,aaloo poori
i like barfi,i like barfi,barfi
 like barfi,like barfi,barfi
i liek barfi,i line barfi,barfi
i like abrfi,i like barfi,barfi
i want some beans on toast,i want some beans on toast,beans on toast
i wantsome beans on toast,i wantsome beans on toast,beans on toast
i want some bns on toast,i want some beans on toast,beans on toast
i want some beans o toast,i want some beans o toast,beans on toast
i want bhakri,i want bhakri,bhakri
i wantbhakri,i bhakri,bhakri
i want bhkr,i want bhakri,bhakri
 want bhakri,want bhakri,bhakri
give me some biscuit,give me some biscuit,biscuits
give me somebiscuit,give me biscuit,biscuits
give me some biscui,give me some biscuit,biscuits
give me sm biscuit,give me sm biscuit,biscuits
give me bread,give me bread,bread
give me braed,give me bread,bread
give me brd,give me bread,bread
give me brea,give me break,bread
i want breakfast,i want breakfast,breakfast
i want brkfst,i want breakfast,breakfast
i want breakfast,i want breakfast,breakfast
i want brownie,i want brownie,brownie
i want brownie,i want brownie,brownie
i want brownei,i want brownie,brownie
i want burger,i want burger,burger
iwant burger,want burger,burger
i wan burger,i want burger,burger
 want burger,want burger,burger
give me a cake slice,give me a cake slice,cake slice
give me a acke slice,give me a jacket slice,cake slice
give me acake slice,give me cake slice,cake slice
give me a cake slic,give me a cake slice,cake slice
i like cake,i like cake,cake
i like cak,i like cake,cake
i liek cake,i line cake,cake
i like cake,i like cake,cake
i love chaat,i love chaat,chaat
 love chaat,love chaat,chaat
i love chaat,i love chaat,chaat
i like cheese pudding,i like cheese pudding,cheese pudding
i like cheese updding,i like cheese pudding,cheese pudding
i like cheese puddin,i like cheese pudding,cheese pudding
i lkie cheese pudding,i line cheese pudding,cheese pudding
i love cheese sticks,i love cheese sticks,cheese sticks
i lovecheese sticks,i cheese sticks,cheese sticks
i love cheese tsicks,i love cheese sticks,cheese sticks
i like cheese,i like cheese,cheese
i likecheese,i cheese,cheese
i like chees,i like cheese,cheese
i like cheees,i like cheese,cheese
i like chicken wings,i like chicken wings,chicken wings
i lkie chicken wings,i line chicken wings,chicken wings
i lk chicken wings,i lk chicken wings,chicken wings
i lik chicken wings,i like chicken wings,chicken wings
i love chicken,i love chicken,chicken
i lov chicken,i love chicken,chicken
i love chicken,i love chicken,chicken
i want chocolate cookie,i want chocolate cookie,chocolate cookies
i wan chocolate cookie,i want chocolate cookie,chocolate cookies
i want chcoolate cookie,i want chocolate cookie,chocolate cookies
i want chclt cookie,i want chclt cookie,chocolate cookies
give me some chocolates,give me some chocolates,chocolate
giveme some chocolates,give some chocolates,chocolate
give m some chocolates,give m some chocolates,chocolate
give me some chutney,give me some chutney,chutney
gv me some chutney,gve me some chutney,chutney
giveme some chutney,give some chutney,chutney
give mesome chutney,give some chutney,chutney
give me cookie,give me cookie,cookie
giv me cookie,give me cookie,cookie
gv me cookie,gve me cookie,cookie
give me cooki,give me cookie,cookie
give me cornflakes,give me cornflakes,cornflakes
gvie me cornflakes,gve me cornflakes,cornflakes
give me crnflks,give me cornflakes,cornflakes
i want croissant,i want croissant,croissant
iwant croissant,want croissant,croissant
i wan croissant,i want croissant,croissant
i want cuppa noodles,i want cuppa noodles,cuppa noodles
i want cuppa ndls,i want cuppa ndls,cuppa noodles
i want cuppa noodles,i want cuppa noodles,cuppa noodles
i watn cuppa noodles,i what cuppa noodles,cuppa noodles
give me some curd,give me some curd,curd
gvie me some curd,gve me some curd,curd
give me sm curd,give me sm curd,curd
giv me some curd,give me some curd,curd
give me custard,give me custard,custard
give m custard,give m custard,custard
i want dal khichidi,i want dal khichidi,dal khichdi
iwant dal khichidi,want dal khichidi,dal khichdi
i want dal khichdii,i want dal khichdi,dal khichdi
i want dalkhichidi,i want dal khichdi,dal khichdi
i want dal,i want dal,dal
iwant dal,want dal,dal
i wan dal,i want dal,dal
i want da,i want day,dal
i want donut,i want donut,donut
i want dnout,i want donut,donut
 want donut,want donut,donut
i want odnut,i want donut,donut
i want dosa,i want dosa,dosa
i wan dosa,i want dosa,dosa
iwant dosa,want dosa,dosa
i want odsa,i want soda,dosa
i want to eat with small bites,i want to eat with small bites,eat with small bites
i wnat to eat with small bites,i what to eat with small bites,eat with small bites
i want to eat with small bts,i want to eat with small bites,eat with small bites
 want to eat with small bites,want to eat with small bites,eat with small bites
give me some eggs,give me some eggs,eggs
give me som eggs,give me some eggs,eggs
give me some ggs,give me some eggs,eggs
give me someeggs,give me someeggs,eggs
give me fish and chips,give me fish and chips,fish and chips
give m fish and chips,give m fish and chips,fish and chips
give me fish and cihps,give me fish and chips,fish and chips
giveme fish and chips,give fish and chips,fish and chips
i want fish,i want fish,fish
iwant fish,want fish,fish
i want fis,i want fish,fish
i want fish,i want fish,fish
take me to food court,take me to food court,food court
take me to food court,take me to food court,food court
take me to foo court,take me to food court,food court
takeme to food court,take to food court,food court
give me some food,give me some food,food
give me somefood,give me somefood,food
give m some food,give m some food,food
give me some foo,give me some food,food
make me some french toast,make me some french toast,french toast
make m some french toast,make m some french toast,french toast
make me somefrench toast,make me french toast,french toast
make me some frnech toast,make me some french toast,french toast
i want fried rice,i want fried rice,fried rice
i want fired rice,i want tired rice,fried rice
i wan fried rice,i want fried rice,fried rice
 want fried rice,want fried rice,fried rice
give me some frozen yogurt,give me some frozen yogurt,frozen yogurt
give me somefrozen yogurt,give me frozen yogurt,frozen yogurt
give m some frozen yogurt,give m some frozen yogurt,frozen yogurt
give me fruit punch,give me fruit punch,fruit punch
give me fruit punc,give me fruit punch,fruit punch
giveme fruit punch,give fruit punch,fruit punch
give m fruit punch,give m fruit punch,fruit punch
give me salad,give me salad,fruit salad
igve me salad,gve me salad,fruit salad
give me salda,give me salsa,fruit salad
gv me salad,gve me salad,fruit salad
give me gajarhalwa,give me gajarhalwa,gajarhalwa
giveme gajarhalwa,give gajarhalwa,gajarhalwa
give me gajarhalw,give me gajarhalwa,gajarhalwa
gv me gajarhalwa,gve me gajarhalwa,gajarhalwa
give me a granola bar,give me a granola bar,granola bar
giv me a granola bar,give me a granola bar,granola bar
give me  granola bar,give me granola bar,granola bar
give me a granolabar,give me a granola bar,granola bar
i love gulab jamun,i love gulab jamun,gulab jamun
i lv gulab jamun,i lv gulab jamun,gulab jamun
i love glb jamun,i love gulab jamun,gulab jamun
i love gulab jmn,i love gulab jamun,gulab jamun
i want hamburger,i want hamburger,hamburger
i wan hamburger,i want hamburger,hamburger
 want hamburger,want hamburger,hamburger
i want hamburge,i want hamburger,hamburger
i want hard boiled eggs,i want hard boiled eggs,hard boiled eggs
i want hard boiled ggs,i want hard boiled eggs,hard boiled eggs
i wanthard boiled eggs,i wanthard boiled eggs,hard boiled eggs
i watn hard boiled eggs,i what hard boiled eggs,hard boiled eggs
i want honey,i want honey,honey
i awnt honey,i ant honey,honey
i wanthoney,i wanthoney,honey
i wnt honey,i want honey,honey
i want hot chocolate,i want hot chocolate,hot chocolate
i want ht chocolate,i want hot chocolate,hot chocolate
i wnt hot chocolate,i want hot chocolate,hot chocolate
i want some hotdog,i want some hotdog,hotdog
i wan some hotdog,i want some hotdog,hotdog
i wantsome hotdog,i wantsome hotdog,hotdog
i want ice cream,i want ice cream,ice cream
i want icecream,i want icecream,ice cream
i want ice cream,i want ice cream,ice cream
i wan ice cream,i want ice cream,ice cream
i want ice cream,i want ice cream,icecream
i want ice cream,i want ice cream,icecream
i want ice crm,i want ice cream,icecream
gve me some idli,gve me some idli,idli
gve me sm idli,gve me sm idli,idli
gveme some idli,gve some idli,idli
i want jalebi,i want jalebi,jalebi
i want jlaebi,i want jalebi,jalebi
i want jaleb,i want jalebi,jalebi
i wan jalebi,i want jalebi,jalebi
i love khichidi,i love khichidi,khichdi
i lovekhichidi,i khichidi,khichdi
ilove khichidi,love khichidi,khichdi
i want some laddoo,i want some laddoo,laddoo
i wantsome laddoo,i wantsome laddoo,laddoo
 want some laddoo,want some laddoo,laddoo
iwant some laddoo,want some laddoo,laddoo
i want mac and cheese,i want mac and cheese,mac and cheese
iwant mac and cheese,want mac and cheese,mac and cheese
i wnat mac and cheese,i what mac and cheese,mac and cheese
i want mc and cheese,i want mac and cheese,mac and cheese
i want macaroons,i want macaroons,macaroons
i want macaroons,i want macaroons,macaroons
i wnt macaroons,i want macaroons,macaroons
i want macaronos,i want macaroons,macaroons
i want mashed potatoes,i want mashed potatoes,mashed potatoes
iwant mashed potatoes,want mashed potatoes,mashed potatoes
i want mashed potatoes,i want mashed potatoes,mashed potatoes
i want medu wada,i want medu wada,medu wada
i want med wada,i want medu wada,medu wada
i wantmedu wada,i wantmedu wada,medu wada
i awnt medu wada,i ant medu wada,medu wada
give me museli,give me museli,muesli
give me muesli,give me muesli,muesli
give memuseli,give museli,muesli
giv me museli,give me museli,muesli
where is the muffin,where is the muffin,muffin
where is the muffi,where is the muffin,muffin
hwere is the muffin,here is the muffin,muffin
where is th muffin,where is the muffin,muffin
i need mutton,i need mutton,mutton
 need mutton,need mutton,mutton
ineed mutton,need mutton,mutton
i need mttn,i need mutton,mutton
noodles pls,noodles pls,noodles
noodlespls,noodles,noodles
noodle pls,noodles pls,noodles
noodles lps,noodles lps,noodles
give me some nuts,give me some nuts,nuts
give me sm nuts,give me sm nuts,nuts
give me some unts,give me some nuts,nuts
i want oatmeal,i want oatmeal,oatmeal
i want oatmeal,i want oatmeal,oatmeal
i want otameal,i want oatmeal,oatmeal
i want oatmea,i want oatmeal,oatmeal
omelette pls,omelette pls,omelette
mltt pls,mltt pls,omelette
omelette pls,omelette pls,omelette
omelette psl,omelette psl,omelette
give me some pancakes,give me some pancakes,pancakes
give me some pancakes,give me some pancakes,pancakes
giv me some pancakes,give me some pancakes,pancakes
i want papad,i want papad,papad
 want papad,want papad,papad
i want ppd,i want papad,papad
i wantpapad,i wantpapad,papad
make some paratha,make some paratha,paratha
make someparatha,make paratha,paratha
mak some paratha,make some paratha,paratha
make some prth,make some prth,paratha
make some pasta,make some pasta,pasta
make osme pasta,make some pasta,pasta
make som pasta,make some pasta,pasta
makesome pasta,awesome pasta,pasta
i want pav bhaji,i want pav bhaji,pav bhaji
i wnt pav bhaji,i want pav bhaji,pav bhaji
i wantpav bhaji,i wantpav bhaji,pav bhaji
i want pav bhaji,i want pav bhaji,pav bhaji
i want pie,i want pie,pie
i want pi,i want pit,pie
i want pei,i want pepsi,pie
i wan pie,i want pie,pie
i want pizza,i want pizza,pizza
i want pzz,i want pizza,pizza
i want pizza,i want pizza,pizza
i want pizz,i want pizza,pizza
can you make me poached eggs,can you make me poached eggs,poached eggs
can you make me poache eggs,can you make me poached eggs,poached eggs
can you make me poached ggs,can you make me poached eggs,poached eggs
can you mk me poached eggs,can you mk me poached eggs,poached eggs
i want poha,i want poha,poha
i want poha,i want poha,poha
i want opha,i want poha,poha
i wan poha,i want poha,poha
i like popcorrn,i like popcorrn,popcorn
i like popcrorn,i like popcorn,popcorn
i like popcorrn,i like popcorrn,popcorn
i want pork,i want pork,pork
i wnt pork,i want pork,pork
i wan pork,i want pork,pork
 want pork,want pork,pork
make some porridge,make some porridge,porridge
make someporridge,make porridge,porridge
make soem porridge,make some porridge,porridge
mk some porridge,mk some porridge,porridge
i want some rice,i want some rice,rice
i wnt some rice,i want some rice,rice
i want somerice,i want somerice,rice
i wnat some rice,i what some rice,rice
can you roast beef,can you roast beef,roast beef
can youroast beef,can roast beef,roast beef
cn you roast beef,can you roast beef,roast beef
can you rst beef,can you roast beef,roast beef
i want roast chicken,i want roast chicken,roast chicken
i want roast chckn,i want roast chicken,roast chicken
i wantroast chicken,i wantroast chicken,roast chicken
i want rst chicken,i want roast chicken,roast chicken
i want roast lamb,i want roast lamb,roast lamb
i wan roast lamb,i want roast lamb,roast lamb
i want roast lamb,i want roast lamb,roast lamb
i want a roast pork,i want a roast pork,roast pork
i want a raost pork,i want a roast pork,roast pork
i want a roast pork,i want a roast pork,roast pork
i want a roast prk,i want a roast pork,roast pork
rosogulla is so tasty,rosogulla is so tasty,rosogulla
rosogulla is sotasty,rosogulla is tasty,rosogulla
rosogulla is s tasty,rosogulla is s tasty,rosogulla
rosogulla s so tasty,rosogulla s so tasty,rosogulla
i want some rotti,i want some rotti,roti
i want som rotti,i want some rotti,roti
i want osme rotti,i want some rotti,roti
salad is nice,salad is nice,salad
salad is nic,salad is nice,salad
salsa taste good,salsa taste good,salsa
salsa atste good,salsa taste good,salsa
salsataste good,salsataste good,salsa
i need some sambhar,i need some sambhar,sambhar
i needsome sambhar,i needsome sambhar,sambhar
i nee some sambhar,i need some sambhar,sambhar
i need some sabmhar,i need some sambhar,sambhar
can you make a sandwich for me,can you make a sandwich for me,sandwich
can you amke a sandwich for me,can you take a sandwich for me,sandwich
can you make a sandwcih for me,can you make a sandwich for me,sandwich
can you make a sandwich for me,can you make a sandwich for me,sandwich
i love sausage,i love sausage,sausage
i lovesausage,i sausage,sausage
i love ssg,i love ssg,sausage
i lv sausage,i lv sausage,sausage
can you make me some scrambled eggs,can you make me some scrambled eggs,scrambled eggs
can yo make me some scrambled eggs,can you make me some scrambled eggs,scrambled eggs
can you make me some scrambled eggs,can you make me some scrambled eggs,scrambled eggs
can you make m some scrambled eggs,can you make m some scrambled eggs,scrambled eggs
i want pudding,i want pudding,pudding
i wnt pudding,i want pudding,pudding
i want pudding,i want pudding,pudding
i wantpudding,i pudding,pudding
i want sheera,i want sheera,sheera
iwant sheera,want sheera,sheera
i want sheera,i want sheera,sheera
i want shr,i want shirt,sheera
i want some snack mix,i want some snack mix,snack mix
i want some snac mix,i want some snack mix,snack mix
i want some snack mix,i want some snack mix,snack mix
i want some snacks,i want some snacks,snacks
i awnt some snacks,i ant some snacks,snacks
iwant some snacks,want some snacks,snacks
i want soem snacks,i want some snacks,snacks
i want apple,i want apple,apple
i wan apple,i want apple,apple
i want paple,i want paper,apple
i want ppl,i want apple,apple
i need some avacado,i need some avacado,avacado
i needsome avacado,i needsome avacado,avacado
i nd some avacado,i and some avacado,avacado
i need some vcd,i need some vcd,avacado
give me banana,give me banana,banana
give m banana,give m banana,banana
give me bnn,give me bnn,banana
give me banana,give me banana,banana
give me some berries,give me some berries,berries
give me som berries,give me some berries,berries
give me smoe berries,give me some berries,berries
i want blueberry,i want blueberry,blueberry
i want blueberry,i want blueberry,blueberry
iwant blueberry,want blueberry,blueberry
i wantblueberry,i blueberry,blueberry
i want cherry,i want cherry,cherry
iwant cherry,want cherry,cherry
i want chrery,i want cherry,cherry
i need some chikoo,i need some chikoo,chikoo
i need som chikoo,i need some chikoo,chikoo
i need some chikoo,i need some chikoo,chikoo
i need some cihkoo,i need some chikoo,chikoo
i love dragonfruit,i love dragonfruit,dragonfruit
i love dragonfrui,i love dragonfruit,dragonfruit
i love dragonfruit,i love dragonfruit,dragonfruit
give me some figs,give me some figs,figs
give me osme figs,give me some figs,figs
give mesome figs,give some figs,figs
give m some figs,give m some figs,figs
i want fruit platter,i want fruit platter,fruit platter
 want fruit platter,want fruit platter,fruit platter
i want fruitplatter,i want fruit platter,fruit platter
i want fruit plttr,i want fruit platter,fruit platter
lets go to fruit shop,lets go to fruit shop,fruit shop
lets go to fruit shop,lets go to fruit shop,fruit shop
lts go to fruit shop,lets go to fruit shop,fruit shop
lets g to fruit shop,lets g to fruit shop,fruit shop
give me some fruit,give me some fruit,fruit
give me sm fruit,give me sm fruit,fruit
giv me some fruit,give me some fruit,fruit
give me some fruit,give me some fruit,fruit
i want some grapes,i want some grapes,grapes
i want some grps,i want some grapes,grapes
i wnt some grapes,i want some grapes,grapes
 want some grapes,want some grapes,grapes
i like guava,i like guava,guava
 like guava,like guava,guava
ilike guava,like guava,guava
i want jackfruit,i want jackfruit,jackfruit
i want jackfruit,i want jackfruit,jackfruit
i awnt jackfruit,i ant jackfruit,jackfruit
i wantjackfruit,i jackfruit,jackfruit
i want kiwi,i want kiwi,kiwi
 want kiwi,want kiwi,kiwi
i want ikwi,i want kiwi,kiwi
i want kw,i want kw,kiwi
i like lychee,i like lychee,lychee
i like lych,i like lychee,lychee
i liek lychee,i line lychee,lychee
i like lcyhee,i like lychee,lychee
i love mango,i love mango,mango
i love mango,i love mango,mango
i loev mango,i love mango,mango
i love mnago,i love mango,mango
give me muskmelon,give me muskmelon,muskmelon
give memuskmelon,give muskmelon,muskmelon
give m muskmelon,give m muskmelon,muskmelon
give orange,give orange,orange
giv orange,give orange,orange
give oraneg,give orange,orange
giveorange,orange,orange
give me papaya,give me papaya,papaya
give me papay,give me papaya,papaya
giev me papaya,give me papaya,papaya
giveme papaya,give papaya,papaya
its the peach,its the peach,peach
its the peac,its the peach,peach
its thepeach,its peach,peach
tƒ??s the peach,its the peach,peach
i want some pear,i want some pear,pear
i want somepear,i want somepear,pear
i want some pr,i want some pr,pear
i want sm pear,i want sm pear,pear
i want pineapple,i want pineapple,pineapple
i wantpineapple,i pineapple,pineapple
i want pnppl,i want pnppl,pineapple
i wnat pineapple,i what pineapple,pineapple
i want plums,i want plums,plum
i want plms,i want plums,plum
i want plum,i want plum,plum
i want plums,i want plums,plum
i want pomegranate,i want pomegranate,pomegranate
i wantpomegranate,i pomegranate,pomegranate
i wnt pomegranate,i want pomegranate,pomegranate
i like strawberry,i like strawberry,strawberry
i like strwbrry,i like strawberry,strawberry
 like strawberry,like strawberry,strawberry
there is the skiping rope,there is the skiping rope,skipping rope
there is the skpng rope,there is the skiping rope,skipping rope
there is the skipin rope,there is the skiping rope,skipping rope
there isthe skiping rope,there the skiping rope,skipping rope
i like basket ball,i like basket ball,basketball
i lk basket ball,i lk basket ball,basketball
 like basket ball,like basket ball,basketball
take the bat and ball,take the bat and ball,bat and ball
take the bat an ball,take the bat an ball,bat and ball
take the bat andball,take the bat handball,bat and ball
shall we play board game,shall we play board game,board game
shall w play board game,shall w play board game,board game
shall we play board gm,shall we play board gm,board game
shall we play board gam,shall we play board game,board game
i love bowling,i love bowling,bowling
ilove bowling,love bowling,bowling
i love bowling,i love bowling,bowling
i lovebowling,i bowling,bowling
catch-catch,catch-catch,catch-catch
catch-catc,catch-catch,catch-catch
catch-cathc,catch-catch,catch-catch
cacth-catch,catch-catch,catch-catch
i like to play chess,i like to play chess,chess
i like to play chess,i like to play chess,chess
i liketo play chess,i like play chess,chess
i lk to play chess,i lk to play chess,chess
i want to watch cricket,i want to watch cricket,cricket
i want to wtch cricket,i want to watch cricket,cricket
i wantto watch cricket,i want watch cricket,cricket
i want towatch cricket,i want watch cricket,cricket
i want to watch football,i want to watch football,football
i want to watch foobtall,i want to watch football,football
i wan to watch football,i want to watch football,football
i want t watch football,i want t watch football,football
i want to play frisbee,i want to play frisbee,frisbee
i want t play frisbee,i want t play frisbee,frisbee
 want to play frisbee,want to play frisbee,frisbee
i want to lpay frisbee,i want to play frisbee,frisbee
lets go to fun zone,lets go to fun zone,fun zone
lets go to fun zone,lets go to fun zone,fun zone
letsgo to fun zone,lets to fun zone,fun zone
lets go to funzone,lets go to fun zone,fun zone
i want to watch handball,i want to watch handball,handball
i want t watch handball,i want t watch handball,handball
i wnt to watch handball,i want to watch handball,handball
can we play hide and seek,can we play hide and seek,hide and seek
can weplay hide and seek,can play hide and seek,hide and seek
can we paly hide and seek,can we play hide and seek,hide and seek
ca we play hide and seek,cat we play hide and seek,hide and seek
can w go to ice hockey,can w go to ice hockey,ice hockey
can w go to icehockey,can w go to ice hockey,ice hockey
cn w go to ice hockey,can w go to ice hockey,ice hockey
can w go to ice hockey,can w go to ice hockey,ice hockey
can we go ice skating,can we go ice skating,iceskating
cn we go ice skating,can we go ice skating,iceskating
can w go ice skating,can w go ice skating,iceskating
can we g ice skating,can we g ice skating,iceskating
can we play indoor games,can we play indoor games,indoor games
can we play indoor gms,can we play indoor games,indoor games
can we plya indoor games,can we play indoor games,indoor games
can we lpay indoor games,can we play indoor games,indoor games
i want to play ipad games,i want to play ipad games,ipad games
i want t play ipad games,i want t play ipad games,ipad games
i wantto play ipad games,i want play ipad games,ipad games
i like kabaddi,i like kabaddi,kabaddi
i lkie kabaddi,i line kabaddi,kabaddi
ilike kabaddi,like kabaddi,kabaddi
i want to fly kite,i want to fly kite,kite
i want to fly kite,i want to fly kite,kite
i want to fly kiet,i want to fly kite,kite
its my legos,its my legos,legos
its my lgs,its my legs,legos
its my legso,its my legs,legos
its my lego,its my legos,legos
can you play with me,can you play with me,play with me
can you play with m,can you play with m,play with me
can you play with me,can you play with me,play with me
can yo play with me,can you play with me,play with me
shall we play cards,shall we play cards,playing cards
shall we lpay cards,shall we play cards,playing cards
shallwe play cards,shall play cards,playing cards
shall we play cadrs,shall we play cards,playing cards
shall we play a puzzle,shall we play a puzzle,puzzle
shall w play a puzzle,shall w play a puzzle,puzzle
shall weplay a puzzle,shall play a puzzle,puzzle
shall we paly a puzzle,shall we play a puzzle,puzzle
i love racquet sports,i love racquet sports,racquet sports
i love racquetsports,i love racquet sports,racquet sports
i love rcqt sports,i love rcqt sports,racquet sports
i love racquet sports,i love racquet sports,racquet sports
i like to watch rollerskating,i like to watch rollerskating,rollerskating
i like to watchrollerskating,i like to rollerskating,rollerskating
i like t watch rollerskating,i like t watch rollerskating,rollerskating
i like towatch rollerskating,i like watch rollerskating,rollerskating
i want to play scrabble,i want to play scrabble,scrabble
i want t play scrabble,i want t play scrabble,scrabble
 want to play scrabble,want to play scrabble,scrabble
i want to play csrabble,i want to play scrabble,scrabble
i want to play seesasw,i want to play seesasw,see-saw
i want toplay seesasw,i want play seesasw,see-saw
i want to ply seesasw,i want to play seesasw,see-saw
iwant to play seesasw,want to play seesasw,see-saw
where is the ball pit,where is the ball pit,ball pit
where is the bal pit,where is the ball pit,ball pit
where isthe ball pit,where the ball pit,ball pit
where is the blal pit,where is the ball pit,ball pit
shall we play snake & ladder,shall we play snake & ladder,snakes & ladders
shall we play snk & ladder,shall we play snake & ladder,snakes & ladders
shall we play snake & ladder,shall we play snake & ladder,snakes & ladders
i want to go snowboarding,i want to go snowboarding,snowboarding
i want to go snowboardin,i want to go snowboarding,snowboarding
i want to go snowboarding,i want to go snowboarding,snowboarding
i like soccer,i like soccer,soccer
i like soccer,i like soccer,soccer
i like socce,i like soccer,soccer
ilike soccer,like soccer,soccer
i like softball,i like softball,softball
 like softball,like softball,softball
i lik softball,i like softball,softball
i likesoftball,i softball,softball
i like sports,i like sports,sports
i lk sports,i lk sports,sports
 like sports,like sports,sports
ilike sports,like sports,sports
i have allergy,i have allergy,allergy
i haveallergy,i allergy,allergy
ihave allergy,have allergy,allergy
i hav allergy,i have allergy,allergy
my ankle aches,my ankle aches,ankle
my ankle cahes,my ankle chess,ankle
m ankle aches,m ankle aches,ankle
my anlke aches,my ankle aches,ankle
put bandage,put bandage,bandage
put bandag,put bandage,bandage
put bndg,put bndg,bandage
pu bandage,put bandage,bandage
my shoulder aches,my shoulder aches,shoulder
m shoulder aches,m shoulder aches,shoulder
my shoulderaches,my shoulder,shoulder
myshoulder aches,shoulder aches,shoulder
i am sick,i am sick,sick
i am sick,i am sick,sick
 am sick,am sick,sick
iam sick,am sick,sick
my stomach aches,my stomach aches,stomach
my stomach aches,my stomach aches,stomach
mystomach aches,stomach aches,stomach
my stomahc aches,my stomach aches,stomach
i want to change my footwear,i want to change my footwear,change footwear
i want to chang my footwear,i want to change my footwear,change footwear
i wantto change my footwear,i want change my footwear,change footwear
i want to change my footwear,i want to change my footwear,change footwear
i want to change my frock,i want to change my frock,change frock
i wnat to change my frock,i what to change my frock,change frock
i want to change my frock,i want to change my frock,change frock
i wnt to change my frock,i want to change my frock,change frock
i want to change my innerwear,i want to change my innerwear,change innerwear
i wan to change my innerwear,i want to change my innerwear,change innerwear
i want tochange my innerwear,i want change my innerwear,change innerwear
i wantto change my innerwear,i want change my innerwear,change innerwear
i want to change my jeans,i want to change my jeans,change jeans
i want to change my jaens,i want to change my jeans,change jeans
i want to change my jean,i want to change my jeans,change jeans
i want to change my jns,i want to change my jeans,change jeans
i want to change my leggins,i want to change my leggins,change leggings
i want to change my lggns,i want to change my leggins,change leggings
i watn to change my leggins,i what to change my leggins,change leggings
i want to change my leggins,i want to change my leggins,change leggings
can you change music,can you change music,change music
can youchange music,can change music,change music
can you chagne music,can you change music,change music
can y change music,can y change music,change music
i want to change my pants,i want to change my pants,change pants
i wnt to change my pants,i want to change my pants,change pants
i wantto change my pants,i want change my pants,change pants
 want to change my pants,want to change my pants,change pants
i want to change my shoe,i want to change my shoe,change shoes
i want to chnage my shoe,i want to change my shoe,change shoes
i want to change myshoe,i want to change shoe,change shoes
i wan to change my shoe,i want to change my shoe,change shoes
i want to change my shorts,i want to change my shorts,change shorts
i want to change my shorts,i want to change my shorts,change shorts
i want to change my short,i want to change my shorts,change shorts
i want to change my skirts,i want to change my skirts,change skirt
i want to change my ksirts,i want to change my skirts,change skirt
i want to changemy skirts,i want to change skirts,change skirt
i want to change my skirts,i want to change my skirts,change skirt
i want to change the slacks,i want to change the slacks,change slacks
i want to change theslacks,i want to change slacks,change slacks
i want to changethe slacks,i want to change slacks,change slacks
i want to change my socks,i want to change my socks,change socks
i wnt to change my socks,i want to change my socks,change socks
i want t change my socks,i want t change my socks,change socks
i want tochange my socks,i want change my socks,change socks
i want to change my t-shirt,i want to change my t-shirt,change t-shirt
i want to change myt-shirt,i want to change t-shirt,change t-shirt
i want to chang my t-shirt,i want to change my t-shirt,change t-shirt
 want to change my t-shirt,want to change my t-shirt,change t-shirt
i want to change,i want to change,change
i want to change,i want to change,change
i want to chang,i want to change,change
can you comb my hair,can you comb my hair,comb hair
can y comb my hair,can y comb my hair,comb hair
can you cmb my hair,can you comb my hair,comb hair
can you comb m hair,can you comb m hair,comb hair
can you cut my nails,can you cut my nails,cut nails
can you ctu my nails,can you ctu my nails,cut nails
can y cut my nails,can y cut my nails,cut nails
take me to doctor,take me to doctor,doctor
take me to doctor,take me to doctor,doctor
take me todoctor,take me doctor,doctor
tak me to doctor,take me to doctor,doctor
i want to draw,i want to draw,draw
i wnt to draw,i want to draw,draw
iwant to draw,want to draw,draw
i want to drw,i want to draw,draw
take my dress,take my dress,dress
take m dress,take m dress,dress
takemy dress,take dress,dress
take my dress,take my dress,dress
i have an emergency,i have an emergency,emergency
i have an mrgncy,i have an emergency,emergency
i have a emergency,i have a emergency,emergency
i have anemergency,i have emergency,emergency
i want to wash my face,i want to wash my face,face wash
i want to wash my faec,i want to wash my face,face wash
i want to wash my face,i want to wash my face,face wash
get me a glass,get me a glass,glass
get me a glass,get me a glass,glass
get me aglass,get me glass,glass
getme a glass,get a glass,glass
i want my gloves,i want my gloves,gloves
i want my gloves,i want my gloves,gloves
i want m gloves,i want m gloves,gloves
 want my gloves,want my gloves,gloves
can you hepl me do this,can you hepl me do this,help me do this
can you hepl medo this,can you hepl medu this,help me do this
can you hepl me do this,can you hepl me do this,help me do this
ca you hepl me do this,cat you hepl me do this,help me do this
can you help put on clothes,can you help put on clothes,help put on clothes
can you help pu on clothes,can you help put on clothes,help put on clothes
can you help put on clothe,can you help put on clothes,help put on clothes
can yo help put on clothes,can you help put on clothes,help put on clothes
can you help me remove clothes,can you help me remove clothes,help remove clothes
can you help m remove clothes,can you help m remove clothes,help remove clothes
can you hel me remove clothes,can you hepl me remove clothes,help remove clothes
can you hepl me remove clothes,can you hepl me remove clothes,help remove clothes
help me pls,help me pls,help
hlp me pls,help me pls,help
help m pls,help m pls,help
i need help,i need help,i need help
i need hel,i need hepl,i need help
i needhelp,i i need help,i need help
i need help,i need help,i need help
i want my jacket,i want my jacket,jacket
i wnat my jacket,i what my jacket,jacket
i want my jacket,i want my jacket,jacket
i want leggings,i want leggings,leggings
i watn leggings,i what leggings,leggings
i want leggnigs,i want leggings,leggings
i want my lunch box,i want my lunch box,lunch box
i want my lunchbox,i want my lunch box,lunch box
i want my lunhc box,i want my lunch box,lunch box
i want my lunch bx,i want my lunch box,lunch box
can you bring my medicine,can you bring my medicine,medicine
can you bring mymedicine,can you bring medicine,medicine
can you bring my medicin,can you bring my medicine,medicine
microwave it,microwave it,microwave
microwave t,microwave t,microwave
microwave it,microwave it,microwave
mcrwv it,mcrwv it,microwave
my clothes are loose,my clothes are loose,my clothes are loose
my clothesare loose,my clothes loose,my clothes are loose
my clothes are loose,my clothes are loose,my clothes are loose
my clothes are tight,my clothes are tight,my clothes are tight
my clothes are tight,my clothes are tight,my clothes are tight
my clothes rae tight,my clothes rae tight,my clothes are tight
my clothes are tihgt,my clothes are tight,my clothes are tight
switch to next channel,switch to next channel,next channel
switch to enxt channel,switch to next channel,next channel
switch to next channel,switch to next channel,next channel
switch to nxt channel,switch to next channel,next channel
i want to see nurse,i want to see nurse,nurse
i want to s nurse,i want to s nurse,nurse
i want tosee nurse,i want see nurse,nurse
i want to see nurse,i want to see nurse,nurse
where is my pants,where is my pants,pants
where is my pants,where is my pants,pants
where is my pnts,where is my pants,pants
where i my pants,where i my pants,pants
please come here,please come here,please come here
please comehere,please comehere,please come here
pleasecome here,please come here here,please come here
please give me,please give me,please give me
please giv me,please give me,please give me
please gv me,please gve me,please give me
please gvie me,please gve me,please give me
please share,please share,please share
pleaseshare,please share,please share
pleaes share,please share,please share
please shr,please shirt,please share
please show me,please show me,please show me
pleaseshow me,please show me me,please show me
please show m,please show m,please show me
please showme,please some,please show me
please slow down,please slow down,please slow down
plesae slow down,please slow down,please slow down
please slw down,please slow down,please slow down
please lsow down,please slow down,please slow down
please take me,please take me,please take me
pls take me,pls take me,please take me
pleasetake me,please take me me,please take me
please tell me again,please tell me again,please tell me again
pleasetell me again,please me again,please tell me again
please tell me agai,please tell me again,please tell me again
please tell meagain,please tell again,please tell me again
please,please,please
pleas,please,please
plaese,please,please
pls,pls,please
can you change to previous channel,can you change to previous channel,previous channel
ca you change to previous channel,cat you change to previous channel,previous channel
acn you change to previous channel,an you change to previous channel,previous channel
can you change to previous channel,can you change to previous channel,previous channel
where is my raincoat,where is my raincoat,raincoat
where is my raincoa,where is my raincoat,raincoat
where is my raincoat,where is my raincoat,raincoat
where ismy raincoat,where ismy raincoat,raincoat
can you read this for me,can you read this for me,read
acn you read this for me,an you read this for me,read
can yo read this for me,can you read this for me,read
ca you read this for me,cat you read this for me,read
i want to request you,i want to request you,requests
i want to request yuo,i want to request yuo,requests
i want to request oyu,i want to request oyu,requests
i want to reques you,i want to request you,requests
i want to wear salwar kameez,i want to wear salwar kameez,salwar kameez
iwant to wear salwar kameez,want to wear salwar kameez,salwar kameez
i want to wear salwarkameez,i want to wear salwar kameez,salwar kameez
i want to wr salwar kameez,i want to wr salwar kameez,salwar kameez
i need sanitary napkins,i need sanitary napkins,sanitary napkins
i need saniatry napkins,i need sanitary napkins,sanitary napkins
 need sanitary napkins,need sanitary napkins,sanitary napkins
i need sanitary napkin,i need sanitary napkins,sanitary napkins
can you seal it,can you seal it,seal
can yo seal it,can you seal it,seal
can you sl it,can you sl it,seal
canyou seal it,canyou seal it,seal
take me to bathroom,take me to bathroom,bathroom
take me to bathorom,take me to bathroom,bathroom
take me tobathroom,take me bathroom,bathroom
take me to bedroom,take me to bedroom,bedroom
take me to bedroo,take me to bedroom,bedroom
takeme to bedroom,take to bedroom,bedroom
take me to bdrm,take me to bdrm,bedroom
there is my frock,there is my frock,frock
there is my frock,there is my frock,frock
there is m frock,there is m frock,frock
there s my frock,there s my frock,frock
help me with my shirt,help me with my shirt,shirt
help me wtih my shirt,help me with my shirt,shirt
help m with my shirt,help m with my shirt,shirt
help me wiht my shirt,help me with my shirt,shirt
help me with my shoes,help me with my shoes,shoes
help me wth my shoes,help me with my shoes,shoes
help me with myshoes,help me with shoes,shoes
hel me with my shoes,hepl me with my shoes,shoes
i want to wear shorts,i want to wear shorts,shorts
i wnt to wear shorts,i want to wear shorts,shorts
i want t wear shorts,i want t wear shorts,shorts
i want to wear shrots,i want to wear shorts,shorts
i want to wear socks,i want to wear socks,socks
i wantto wear socks,i want wear socks,socks
i want to wr socks,i want to wr socks,socks
i want to wear socks,i want to wear socks,socks
make me sit in sofa,make me sit in sofa,sofa
make me sit in sf,make me sit in sf,sofa
makeme sit in sofa,make sit in sofa,sofa
make me sit in sofa,make me sit in sofa,sofa
where is my spectacles,where is my spectacles,spectacles
where is my spectacle,where is my spectacles,spectacles
where ismy spectacles,where ismy spectacles,spectacles
whereis my spectacles,where my spectacles,spectacles
give me apple juice,give me apple juice,apple juice
give me apple juiec,give me apple juice,apple juice
give me appel juice,give me apple juice,apple juice
gv me apple juice,gve me apple juice,apple juice
make me banana milkshake,make me banana milkshake,banana milkshake
make me banana milkshake,make me banana milkshake,banana milkshake
make me bnn milkshake,make me bnn milkshake,banana milkshake
i want chikoo milkshake,i want chikoo milkshake,chikoo milkshake
i want chioko milkshake,i want chikoo milkshake,chikoo milkshake
i want chikoomilkshake,i want chikoo milkshake,chikoo milkshake
i like chocolate milkshake,i like chocolate milkshake,chocolate milkshake
i lk chocolate milkshake,i lk chocolate milkshake,chocolate milkshake
i like chocolat milkshake,i like chocolate milkshake,chocolate milkshake
i like chocolate milkshake,i like chocolate milkshake,chocolate milkshake
i want some lemon juice,i want some lemon juice,lemon juice
i want some lemon ujice,i want some lemon juice,lemon juice
i want some lmn juice,i want some lemon juice,lemon juice
i want mango juice,i want mango juice,mango juice
i want mango juic,i want mango juice,mango juice
i want mango juice,i want mango juice,mango juice
i wantmango juice,i wantmango juice,mango juice
i want mango milkshake,i want mango milkshake,mango milkshake
i want manog milkshake,i want mango milkshake,mango milkshake
i want mango mlkshk,i want mango milkshake,mango milkshake
i want mango mlikshake,i want mango milkshake,mango milkshake
i want orange juice,i want orange juice,orange juice
i want orange juic,i want orange juice,orange juice
i wantorange juice,i orange juice,orange juice
i want rng juice,i want bring juice,orange juice
i want pineapple juice,i want pineapple juice,pineapple juice
i want pineapple juice,i want pineapple juice,pineapple juice
i want pnppl juice,i want pnppl juice,pineapple juice
i want pineapple juiec,i want pineapple juice,pineapple juice
it is 10 rupees,it is 10 rupees,inr 10
it is 10 rupees,it is 10 rupees,inr 10
it s 10 rupees,it s 10 rupees,inr 10
it is 10rupees,it is rupees,inr 10
it is 100 rupees,it is 100 rupees,inr 100
itis 100 rupees,its 100 rupees,inr 100
i is 100 rupees,i is 100 rupees,inr 100
it is 20 rupees,it is 20 rupees,inr 20
it is20 rupees,it is20 rupees,inr 20
it is 20 rupee,it is 20 rupees,inr 20
it is 200 rupees,it is 200 rupees,inr 200
it is 200 rupee,it is 200 rupees,inr 200
it s 200 rupees,it s 200 rupees,inr 200
it i 200 rupees,it i 200 rupees,inr 200
it is 2000 rupees,it is 2000 rupees,inr 2000
it is 2000 rupees,it is 2000 rupees,inr 2000
it i 2000 rupees,it i 2000 rupees,inr 2000
it s 2000 rupees,it s 2000 rupees,inr 2000
it is 50 rupees,it is 50 rupees,inr 50
it is 50 rupees,it is 50 rupees,inr 50
it is 50 rupee,it is 50 rupees,inr 50
t is 50 rupees,t is 50 rupees,inr 50
it is 500 rupees,it is 500 rupees,inr 500
it is 050 rupees,it is 50 rupees,inr 500
it is 500 rupee,it is 500 rupees,inr 500
it is 500rupees,it is rupees,inr 500
no biting please,no biting please,no biting please
no bitingplease,no no biting please,no biting please
nobiting please,biting please,no biting please
no btng please,no biting please,no biting please
no hands in underpants,no hands in underpants,no hands in underpants
no hnads in underpants,no hands in underpants,no hands in underpants
no hands in underpant,no hands in underpants,no hands in underpants
nohands in underpants,hands in underpants,no hands in underpants
no hitting please,no hitting please,no hitting please
no htiting please,no hitting please,no hitting please
no hitting please,no hitting please,no hitting please
no hitting plesae,no hitting please,no hitting please
no inappropriate touch please,no inappropriate touch please,no inappropriate touch please
no inappropriate touch pleas,no inappropriate touch please,no inappropriate touch please
no inappropriatetouch please,no inappropriate please,no inappropriate touch please
no kicking please,no kicking please,no kicking please
no kicking pleas,no kicking please,no kicking please
no kckng please,no kicking please,no kicking please
no kicking pleaes,no kicking please,no kicking please
no picking nose please,no picking nose please,no picking nose please
no pickin nose please,no picking nose please,no picking nose please
no picking nose pleas,no picking nose please,no picking nose please
no picking onse please,no picking zone please,no picking nose please
no pinching please,no pinching please,no pinching please
no pinchin please,no pinching please,no pinching please
n pinching please,n pinching please,no pinching please
no pushing please,no pushing please,no pushing please
no pshng please,no pushing please,no pushing please
no pushing pleaes,no pushing please,no pushing please
n pushing please,n pushing please,no pushing please
no spitting please,no spitting please,no spitting please
no spttng please,no spitting please,no spitting please
no spittign please,no spitting please,no spitting please
nospitting please,spitting please,no spitting please
no talking while eating please!,no talking while eating please!,no talking while eating please!
n talking while eating please!,n talking while eating please!,no talking while eating please!
no talking whil eating please!,no talking while eating please!,no talking while eating please!
no takling while eating please!,no talking while eating please!,no talking while eating please!
stranger,stranger,stranger
strange,stranger,stranger
strangre,stranger,stranger
strngr,stranger,stranger
strangers- beware!,strangers- beware!,strangers- beware!
strangers- beware,strangers- beware!,strangers- beware!
strangers beware!,strangers- beware!,strangers- beware!
strangers-beware!,strangers- beware!,strangers- beware!
switch on the air conditioner,switch on the air conditioner,air conditioner
switc on the air conditioner,switch on the air conditioner,air conditioner
siwtch on the air conditioner,switch on the air conditioner,air conditioner
switch on the air cndtnr,switch on the air cndtnr,air conditioner
take my bag,take my bag,bag
taek my bag,take my bag,bag
take my abg,take my abg,bag
tak my bag,take my bag,bag
take a blank paper,take a blank paper,blank paper
take ablank paper,take blank paper,blank paper
takea blank paper,take blank paper,blank paper
atke a blank paper,take a blank paper,blank paper
take that book,take that book,book
take thatbook,take thatbook,book
take that boo,take that boot,book
tk that book,tk that book,book
take all the books,take all the books,books
take al the books,take dal the books,books
take all the books,take all the books,books
takeall the books,takeall the books,books
i want my boot,i want my boot,boot
i wan my boot,i want my boot,boot
i wnt my boot,i want my boot,boot
i want my bt,i want my bat,boot
take that bowl,take that bowl,bowl
atke that bowl,take that bowl,bowl
take thatbowl,take thatbowl,bowl
take that obwl,take that owl,bowl
take my cap,take my cap,cap
takemy cap,take cap,cap
take my acp,take my acp,cap
sit in chair,sit in chair,chair
st in chair,sit in chair,chair
sit in chr,sit in chair,chair
sit in chair,sit in chair,chair
i need a chalk,i need a chalk,chalk
i need a chalk,i need a chalk,chalk
i need achalk,i need chalk,chalk
i needa chalk,i need chalk,chalk
give me coloured paper,give me coloured paper,coloured paper
give m coloured paper,give m coloured paper,coloured paper
give me coloured pape,give me coloured paper,coloured paper
give me coloured ppr,give me coloured paper,coloured paper
i need computer,i need computer,computer
i need computer,i need computer,computer
i need cmptr,i need computer,computer
i nee computer,i need computer,computer
give me a crayon,give me a crayon,crayon
give me a crayon,give me a crayon,crayon
give me a crayo,give me a crayon,crayon
give me a cup,give me a cup,cup
give me a cu,give me a cut,cup
gv me a cup,gve me a cup,cup
give me a cp,give me a cup,cup
its a diamond,its a diamond,diamond
itƒ?? a diamond,its a diamond,diamond
its adiamond,its diamond,diamond
its a dmnd,its a dmnd,diamond
this is my favorite book,this is my favorite book,favorite book
this is my fvrt book,this is my fvrt book,favorite book
this ismy favorite book,this ismy favorite book,favorite book
this is my favorit book,this is my favorite book,favorite book
there is the mug,there is the mug,mug
there is the mu,there is the mug,mug
there is the mg,there is the mug,mug
ther is the mug,there is the mug,mug
give me pen,give me pen,pen
gv me pen,gve me pen,pen
give me pe,give me pie,pen
give mepen,give pen,pen
there is the picture book,there is the picture book,picture book
there is the picture bk,there is the picture bk,picture book
there s the picture book,there s the picture book,picture book
i want my scarf,i want my scarf,scarf
i wnt my scarf,i want my scarf,scarf
i want myscarf,i want scarf,scarf
i want my scarf,i want my scarf,scarf
where is the scissors,where is the scissors,scissors
where s the scissors,where s the scissors,scissors
where is the scssrs,where is the scissors,scissors
where is the scissors,where is the scissors,scissors
i want stapler,i want stapler,stapler
i wan stapler,i want stapler,stapler
 want stapler,want stapler,stapler
i wantstapler,i stapler,stapler
i want to buy some stationary,i want to buy some stationary,stationery
i want to buy some stationary,i want to buy some stationary,stationery
i watn to buy some stationary,i what to buy some stationary,stationery
what is the current month,what is the current month,current month
what is the current mont,what is the current month,current month
what i the current month,what i the current month,current month
what is the crrnt month,what is the current month,current month
what is the current season,what is the current season,current season
what is the currentseason,what is the current season,current season
whatis the current season,what the current season,current season
what is the current time,what is the current time,current time
what is th current time,what is the current time,current time
what is thecurrent time,what is current time,current time
what i the current time,what i the current time,current time
there is a divider,there is a divider,divider
there is a divdier,there is a divider,divider
ther is a divider,there is a divider,divider
its italian,its italian,italian
its tln,its tln,italian
itsitalian,italian,italian
ist italian,it italian,italian
there are some blocks,there are some blocks,blocks
thr are some blocks,there are some blocks,blocks
ther are some blocks,there are some blocks,blocks
draw a slanting line,draw a slanting line,slanting line
draw a slanting line,draw a slanting line,slanting line
drawa slanting line,draw slanting line,slanting line
draw aslanting line,draw slanting line,slanting line
i want to slide,i want to slide,slide
i want to slide,i want to slide,slide
i watn to slide,i what to slide,slide
is this the standing line,is this the standing line,standing line
is htis the standing line,is this the standing line,standing line
is thisthe standing line,is thisthe standing line,standing line
is this th standing line,is this the standing line,standing line
take me to canteen,take me to canteen,canteen
take me tocanteen,take me canteen,canteen
take me t canteen,take me t canteen,canteen
tkae me to canteen,take me to canteen,canteen
i want to go to church,i want to go to church,church
i want to go to churc,i want to go to church,church
i wan to go to church,i want to go to church,church
i want to g to church,i want to g to church,church
i want to go to clinic,i want to go to clinic,clinic
iwant to go to clinic,want to go to clinic,clinic
i wantto go to clinic,i want go to clinic,clinic
lets go to clothes shop,lets go to clothes shop,clothes shop
lets go to clothes shop,lets go to clothes shop,clothes shop
lets g to clothes shop,lets g to clothes shop,clothes shop
lets go to grocery shop,lets go to grocery shop,grocery shop
lets go to grocery sho,lets go to grocery show,grocery shop
lets go to groceryshop,lets go to grocery shop,grocery shop
letsgo to grocery shop,lets to grocery shop,grocery shop
take me to gymnastics,take me to gymnastics,gymnastics
take me to gymnastics,take me to gymnastics,gymnastics
taek me to gymnastics,take me to gymnastics,gymnastics
tkae me to gymnastics,take me to gymnastics,gymnastics
take me to hospital,take me to hospital,hospital
tak me to hospital,take me to hospital,hospital
takeme to hospital,take to hospital,hospital
tk me to hospital,tk me to hospital,hospital
its in kitchen,its in kitchen,kitchen
its in kitchen,its in kitchen,kitchen
its in kithcen,its in kitchen,kitchen
itsin kitchen,its kitchen,kitchen
its in our living room,its in our living room,living room
its in ou living room,its in you living room,living room
its in our livin room,its in our living room,living room
its in our living rm,its in our living rm,living room
lets go to the mall,lets go to the mall,mall
lets go to the mall,lets go to the mall,mall
lts go to the mall,lets go to the mall,mall
lets go t the mall,lets go t the mall,mall
go to the meet shop,go to the meet shop,meat shop
g to the meet shop,g to the meet shop,meat shop
go to the meetshop,go to the meat shop,meat shop
go to the meet shop,go to the meet shop,meat shop
go to medical shop,go to medical shop,medical shop-chemist's shop-pharmacy
g to medical shop,g to medical shop,medical shop-chemist's shop-pharmacy
go to medicalshop,go to medical,medical shop-chemist's shop-pharmacy
take me to museum,take me to museum,museum
take me to museu,take me to museum,museum
take me to museum,take me to museum,museum
this is my house,this is my house,my house
this i my house,this i my house,my house
this ismy house,this ismy house,my house
thsi is my house,this is my house,my house
take me to the park,take me to the park,park
take m to the park,take m to the park,park
take me to the park,take me to the park,park
it is the place of worship,it is the place of worship,places of worship
it is hte place of worship,it is white place of worship,places of worship
it is the place of worship,it is the place of worship,places of worship
take me to play room,take me to play room,play room
take me to ply room,take me to play room,play room
take me to play orom,take me to play room,play room
shall we go to playground,shall we go to playground,playground
shll we go to playground,shall we go to playground,playground
hsall we go to playground,small we go to playground,playground
shall we go t playground,shall we go t playground,playground
shall we go to an restaurant,shall we go to an restaurant,restaurant
shall we g to an restaurant,shall we g to an restaurant,restaurant
shall we go to a restaurant,shall we go to a restaurant,restaurant
shallwe go to an restaurant,shall go to an restaurant,restaurant
i want to see my  school,i want to see my school,school
i want to se my school,i want to use my school,school
i want to seemy school,i want to see school,school
i want to see my schl,i want to see my school,school
take me to balcony,take me to balcony,balcony
take me to blcny,take me to balcony,balcony
take me t balcony,take me t balcony,balcony
take me tobalcony,take me balcony,balcony
take me to the shop,take me to the shop,shop
take me to th shop,take me to the shop,shop
take me to the shp,take me to the shop,shop
take me to staffroom,take me to staffroom,staffroom
take me to stffrm,take me to staffroom,staffroom
takeme to staffroom,take to staffroom,staffroom
take m to staffroom,take m to staffroom,staffroom
can you repeat that question,can you repeat that question,questions
canyou repeat that question,canyou repeat that question,questions
can you repeat tht question,can you repeat that question,questions
can you repeat that questio,can you repeat that question,questions
its a circle,its a circle,circle
iƒ??ts a circle,its a circle,circle
itsƒ?? a circle,its a circle,circle
its  circle,its circle,circle
its a cube,its a cube,cube
its a cbue,its a cube,cube
its acube,its cube,cube
its a cueb,its a cube,cube
its in rectangle in shape,its in rectangle in shape,rectangle
itsin rectangle in shape,its rectangle in shape,rectangle
its in rctngl in shape,its in rectangle in shape,rectangle
its a square,its a square,square
its asquare,its square,square
its  square,its square,square
tis a square,this a square,square
i want to wear belt,i want to wear belt,belt
i want to wear blet,i want to wear lets,belt
i want to wr belt,i want to wr belt,belt
i wnat to wear belt,i what to wear belt,belt
i like bracelet,i like bracelet,bracelet
i ilke bracelet,i milk bracelet,bracelet
 like bracelet,like bracelet,bracelet
this is my chappals,this is my chappals,chappals
thisis my chappals,this my chappals,chappals
ths is my chappals,this is my chappals,chappals
thi is my chappals,this is my chappals,chappals
take my coat,take my coat,coat
take my ocat,take my cat,coat
take my coat,take my coat,coat
taek my coat,take my coat,coat
take my drawing book,take my drawing book,drawing book
take my drawin book,take my drawing book,drawing book
take my drawnig book,take my drawing book,drawing book
take my drwng book,take my drawing book,drawing book
where is my errings,where is my errings,earrings
where is my rrngs,where is my errings,earrings
where is my errings,where is my errings,earrings
where ismy errings,where ismy errings,earrings
there is the english book,there is the english book,english book
three is the english book,these is the english book,english book
tehre is the english book,there is the english book,english book
there is the english obok,there is the english book,english book
give me an eraser,give me an eraser,eraser
giveme an eraser,give an eraser,eraser
give m an eraser,give m an eraser,eraser
give me aneraser,give me eraser,eraser
these are my favourites,these are my favourites,favourites
these aremy favourites,these are favourites,favourites
these are myfavourites,these are favourites,favourites
these are my favouritse,these are my favourites,favourites
give me fork,give me fork,fork
gvie me fork,gve me fork,fork
give me for,give me for,fork
give m fork,give m fork,fork
my hat,my hat,hat
m hat,m hat,hat
my hta,my hta,hat
my ht,my hot,hat
there is the knife,there is the knife,knife
there is th knife,there is the knife,knife
there is the kinfe,there is the knife,knife
there is theknife,there is knife,knife
there is the lamp,there is the lamp,lamp
htere is the lamp,here is the lamp,lamp
there s the lamp,there s the lamp,lamp
there i the lamp,there i the lamp,lamp
there is the lock and key,there is the lock and key,lock and key
there is th lock and key,there is the lock and key,lock and key
ther is the lock and key,there is the lock and key,lock and key
there is the lock and ky,there is the lock and key,lock and key
get my necklace,get my necklace,necklace
get mynecklace,get necklace,necklace
ge my necklace,gve my necklace,necklace
get m necklace,get m necklace,necklace
give me paint,give me paint,paint
give me paint,give me paint,paint
gv me paint,gve me paint,paint
give me pnt,give me pants,paint
use paper clip,use paper clip,paper clip
s paper clip,s paper clip,paper clip
use pape clip,use paper clip,paper clip
use paepr clip,use paper clip,paper clip
where is the pencil lead,where is the pencil lead,pencil lead
hwere is the pencil lead,here is the pencil lead,pencil lead
where i the pencil lead,where i the pencil lead,pencil lead
whr is the pencil lead,where is the pencil lead,pencil lead
give me pencil,give me pencil,pencil
gv me pencil,gve me pencil,pencil
give m pencil,give m pencil,pencil
giv me pencil,give me pencil,pencil
give my pillows,give my pillows,pillows
gv my pillows,gve my pillows,pillows
give my pillows,give my pillows,pillows
give mypillows,give pillows,pillows
where is my plate,where is my plate,plate
where is my plate,where is my plate,plate
where is my plat,where is my plate,plate
where is the scale,where is the scale,scale
where is the scale,where is the scale,scale
where is the scl,where is the scale,scale
where is th scale,where is the scale,scale
it is my school notebook,it is my school notebook,school notebook
it is my school notebook,it is my school notebook,school notebook
it is my school noteboo,it is my school notebook,school notebook
where is the sellotape,where is the sellotape,sellotape
wehre is the sellotape,where is the sellotape,sellotape
where is the sellotape,where is the sellotape,sellotape
i want shampoo,i want shampoo,shampoo
i want shampoo,i want shampoo,shampoo
 want shampoo,want shampoo,shampoo
i want shampo,i want shampoo,shampoo
its my soap,its my soap,soap
its my soap,its my soap,soap
its my sopa,its my stop,soap
its my osap,its my soap,soap
i want a soft toy,i want a soft toy,soft toy
i wanta soft toy,i want soft toy,soft toy
i want a softtoy,i want a soft toy,soft toy
i want a soft ty,i want a soft toy,soft toy
give me a spoon,give me a spoon,spoon
give me a spn,give me a spoon,spoon
give m a spoon,give m a spoon,spoon
give me bear,give me bear,bear
give mebear,give bear,bear
giev me bear,give me bear,bear
i want doll,i want doll,doll
i want dol,i want doll,doll
i want doll,i want doll,doll
there is the bus,there is the bus,bus
there is the bsu,there is the bsu,bus
there is the bus,there is the bus,bus
ther is the bus,there is the bus,bus
its the school bus,its the school bus,school bus
tƒ??s the school bus,its the school bus,school bus
its the school bsu,its the school bsu,school bus
its the schoo bus,its the school bus,school bus
shall we go in ship,shall we go in ship,ship
shall wego in ship,shall wego in ship,ship
shall we go i ship,shall we go i ship,ship
shall we g in ship,shall we g in ship,ship
bake some vegitables,bake some vegitables,baked vegetables
bakesome vegitables,awesome vegitables,baked vegetables
bake somevegitables,bake vegitables,baked vegetables
bk some vegitables,bk some vegitables,baked vegetables
i want some steamed veggies,i want some steamed veggies,steamed veggies
i wantsome steamed veggies,i wantsome steamed veggies,steamed veggies
i want some stmd veggies,i want some stmd veggies,steamed veggies
i want some steamed veggies,i want some steamed veggies,steamed veggies
its cloudy,its cloudy,cloudy
tis cloudy,this cloudy,cloudy
its cldy,its cloudy,cloudy
itscloudy,cloudy,cloudy
its so foggy,its so foggy,foggy
ts so foggy,its so foggy,foggy
itsso foggy,its foggy,foggy
its snowy,its snowy,snowy
tis snowy,this snowy,snowy
its snwoy,its snowy,snowy
it snowy,it snowy,snowy
its spring time,its spring time,spring
its spring itme,its spring time,spring
itsspring time,spring time,spring
happy birthday,happy birthday,birthdays
happy bitrhday,happy birthday,birthdays
happybirthday,birthday,birthdays
hppy birthday,happy birthday,birthdays
happy birthday,happy birthday,brother's birthday
happy birthday,happy birthday,brother's birthday
happy brthdy,happy birthday,brother's birthday
happ birthday,happy birthday,brother's birthday
bye,bye,bye
by,bye,bye
bey,be,bye
happy christmas,happy christmas,christmas
ahppy christmas,happy christmas,christmas
happy chrstms,happy christmas,christmas
happychristmas,christmas,christmas
happy birthday,happy birthday,cousin's birthday
hapyp birthday,happy birthday,cousin's birthday
happybirthday,birthday,cousin's birthday
happy brthdy,happy birthday,cousin's birthday
have a good day,have a good day,day
hv a good day,hv a good day,day
hav a good day,have a good day,day
have agood day,have good day,day
happy diwali,happy diwali,diwali
happy dwl,happy dwl,diwali
happydiwali,happydiwali,diwali
happy dwiali,happy diwali,diwali
happy dussehra,happy dussehra,dussehra
ahppy dussehra,happy dussehra,dussehra
hppy dussehra,happy dussehra,dussehra
happydussehra,dussehra,dussehra
happy easter,happy easter,easter
happy easte,happy easter,easter
happ easter,happy easter,easter
happyeaster,happyeaster,easter
happy eid,happy eid,eid
happy ied,happy tired,eid
happ eid,happy eid,eid
happy edi,happy edi,eid
good evening,good evening,evening
gd evening,gd evening,evening
goodevening,good evening,evening
happy birthday,happy birthday,father's birthday
happybirthday,birthday,father's birthday
hppy birthday,happy birthday,father's birthday
happy birthday,happy birthday,friend's birthday
happy birtdhay,happy birthday,friend's birthday
happy birthday,happy birthday,friend's birthday
happy birthady,happy birthday,friend's birthday
happy ganesh chaturthi,happy ganesh chaturthi,ganesh chaturthi
happy gnsh chaturthi,happy ganesh chaturthi,ganesh chaturthi
happy ganesh chtrth,happy ganesh chaturthi,ganesh chaturthi
hppy ganesh chaturthi,happy ganesh chaturthi,ganesh chaturthi
good afternoon,good afternoon,good afternoon
good ftrnn,good ftrnn,good afternoon
gd afternoon,gd afternoon,good afternoon
good afetrnoon,good afternoon,good afternoon
good evening,good evening,good evening
goo evening,good evening,good evening
good evenin,good evening,good evening
goodevening,good evening,good evening
good friday,good friday,good friday
good frdy,good friday,good friday
good frdiay,good friday,good friday
good morning,good morning,good morning
good mrnng,good morning,good morning
good night,good night,good night
goodnight,good night,good night
goo night,good night,good night
godo night,good night,good night
hi grandpa,hi grandpa,grandfather
h grandpa,h grandpa,grandfather
higrandpa,grandpa,grandfather
hi grndp,hi grandpa,grandfather
happy birthday,happy birthday,grandma's birthday
happy brthdy,happy birthday,grandma's birthday
ahppy birthday,happy birthday,grandma's birthday
hello grandma,hello grandma,grandmother
hellograndma,hellograndma,grandmother
hello grandm,hello grandma,grandmother
happy birthday,happy birthday,grandpa's birthday
happy birthda,happy birthday,grandpa's birthday
happy brthdy,happy birthday,grandpa's birthday
happ birthday,happy birthday,grandpa's birthday
great job,great job,great job!!!
grea job,great job,great job!!!
great jb,great job,great job!!!
greatjob,great job!!!,great job!!!
welcome,welcome,greetings
wlcm,wlcm,greetings
welocme,welcome,greetings
happy halloween,happy halloween,halloween
happyhalloween,halloween,halloween
happy halloween,happy halloween,halloween
happy hallowee,happy halloween,halloween
hello,hello,hello
helol,hello,hello
hlelo,hello,hello
hello,hello,hello
hi-five,hi-five,hi-five
hi-fiev,hi-five,hi-five
hi-fiv,hi-five,hi-five
h-fv,h-fv,hi-five
hi,hi,hi
h,h,hi
happy holi,happy holi,holi
hpapy holi,happy holi,holi
happy hl,happy hl,holi
happ holi,happy holi,holi
how are you,how are you,how are you
how areyou,how areyou,how are you
how are oyu,how are oyu,how are you
howare you,howare you,how are you
how do you do,how do you do,how do you do
how do you d,how do you d,how do you do
how do oyu do,how do oyu do,how do you do
hwo do you do,hwo do you do,how do you do
how was your day,how was your day,how was your day
how was yourday,how was yourday,how was your day
how wasyour day,how wasyour day,how was your day
happy independence day,happy independence day,independence day
happy independenc day,happy independence day,independence day
happy independenceday,happy independence day,independence day
happy independence ady,happy independence ready,independence day
i'm irritated,i'm irritated,irritated
i' irritated,i'm irritated,irritated
'm irritated,i'm irritated,irritated
happy labour day,happy labour day,labour day
happy labourday,happy labour day,labour day
happy labour day,happy labour day,labour day
happylabour day,happylabour day,labour day
happy birthday mom,happy birthday mom,mom's birthday
happy birthdaymom,happy birthday,mom's birthday
hppy birthday mom,happy birthday mom,mom's birthday
happy birthda mom,happy birthday mom,mom's birthday
good morning,good morning,morning
ogod morning,good morning,morning
goodmorning,good morning,morning
hi mom,hi mom,mother
hi omm,hi omm,mother
hi mo,hi mom,mother
happy new year,happy new year,new year
happy newyear,happy new year,new year
hppy new year,happy new year,new year
happy ne year,happy new year,new year
nice to meet you,nice to meet you,nice to meet you
nice to meetyou,nice to meetyou,nice to meet you
nice to meet oyu,nice to meet oyu,nice to meet you
nice to mee you,nice to meet you,nice to meet you
good night,good night,night
good night,good night,night
godo night,good night,night
good nigh,good night,night
i want to wear watch,i want to wear watch,watch
i wnt to wear watch,i want to wear watch,watch
i want to wea watch,i want to wear watch,watch
i need cable,i need cable,cable
i needcable,i needcable,cable
i need cable,i need cable,cable
the color is white,the color is white,white
the color is whit,the color is white,white
thecolor is white,color is white,white
the color is wht,the color is what,white
get the key,get the key,key
gt the key,get the key,key
get the kye,get the kye,key
"""please give me a dosa.""","""please give me a dosa.""",dosa
"""please giv me a dosa.""","""please give me a dosa.""",dosa
"""please give me  dosa.""","""please give me dosa.""",dosa
"""please give me a dosa.""","""please give me a dosa.""",dosa
"""please give me a dosa.""","""please give me a dosa.""",kabab
"""please give m a dosa.""","""please give m a dosa.""",kabab
"""pleas give me a dosa.""","""please give me a dosa.""",kabab
"""please give me a ds.""","""please give me a dosa.""",kabab
"""give me water.""","""give me water.""",water
"""gvie me water.""","""give me water.""",water
"""give mewater.""","""give water.""",water
"""give me water.","""give me water.""",water
